timestamp,index,memory.used [MiB]
2026/05/26 20:12:14.357, 0, 4
2026/05/26 20:12:16.387, 0, 4
2026/05/26 20:12:18.416, 0, 7
2026/05/26 20:12:20.446, 0, 7
2026/05/26 20:12:22.474, 0, 7
2026/05/26 20:12:24.502, 0, 673
2026/05/26 20:12:26.531, 0, 2507
2026/05/26 20:12:28.560, 0, 2507
2026/05/26 20:12:30.590, 0, 4165
2026/05/26 20:12:32.619, 0, 5027
2026/05/26 20:12:34.647, 0, 5265
2026/05/26 20:12:36.676, 0, 5475
2026/05/26 20:12:38.706, 0, 5595
2026/05/26 20:12:40.736, 0, 5611
2026/05/26 20:12:42.765, 0, 5611
2026/05/26 20:12:44.794, 0, 5611
2026/05/26 20:12:46.822, 0, 5613
2026/05/26 20:12:48.851, 0, 5613
2026/05/26 20:12:50.878, 0, 5613
2026/05/26 20:12:52.907, 0, 5613
2026/05/26 20:12:54.936, 0, 5613
2026/05/26 20:12:56.964, 0, 5699
2026/05/26 20:12:58.992, 0, 6487
2026/05/26 20:13:01.018, 0, 6495
2026/05/26 20:13:03.045, 0, 6495
2026/05/26 20:13:05.072, 0, 6495
2026/05/26 20:13:07.100, 0, 6495
2026/05/26 20:13:09.128, 0, 6495
2026/05/26 20:13:11.156, 0, 6495
2026/05/26 20:13:13.185, 0, 6495
2026/05/26 20:13:15.214, 0, 6495
2026/05/26 20:13:17.242, 0, 6495
2026/05/26 20:13:19.269, 0, 6495
2026/05/26 20:13:21.295, 0, 6495
2026/05/26 20:13:23.322, 0, 6495
2026/05/26 20:13:25.360, 0, 6495
2026/05/26 20:13:27.389, 0, 6495
2026/05/26 20:13:29.418, 0, 6495
2026/05/26 20:13:31.446, 0, 6495
2026/05/26 20:13:33.475, 0, 6495
2026/05/26 20:13:35.504, 0, 6495
2026/05/26 20:13:37.532, 0, 6495
2026/05/26 20:13:39.560, 0, 6495
2026/05/26 20:13:41.589, 0, 6495
2026/05/26 20:13:43.617, 0, 6495
2026/05/26 20:13:45.655, 0, 6495
2026/05/26 20:13:47.685, 0, 6495
2026/05/26 20:13:49.713, 0, 6495
2026/05/26 20:13:51.740, 0, 6495
2026/05/26 20:13:53.768, 0, 6495
2026/05/26 20:13:55.795, 0, 6495
2026/05/26 20:13:57.823, 0, 6495
2026/05/26 20:13:59.851, 0, 6495
2026/05/26 20:14:01.878, 0, 6495
2026/05/26 20:14:03.903, 0, 6495
2026/05/26 20:14:05.930, 0, 6495
2026/05/26 20:14:07.956, 0, 6495
2026/05/26 20:14:09.983, 0, 6495
2026/05/26 20:14:12.009, 0, 6495
2026/05/26 20:14:14.036, 0, 6495
2026/05/26 20:14:16.063, 0, 6495
2026/05/26 20:14:18.090, 0, 6495
2026/05/26 20:14:20.117, 0, 6495
2026/05/26 20:14:22.145, 0, 6495
2026/05/26 20:14:24.172, 0, 6495
2026/05/26 20:14:26.198, 0, 6495
2026/05/26 20:14:28.224, 0, 6495
2026/05/26 20:14:30.252, 0, 6495
2026/05/26 20:14:32.279, 0, 6495
2026/05/26 20:14:34.306, 0, 6495
2026/05/26 20:14:36.332, 0, 6495
2026/05/26 20:14:38.359, 0, 6495
2026/05/26 20:14:40.386, 0, 6495
2026/05/26 20:14:42.413, 0, 6495
2026/05/26 20:14:44.439, 0, 6495
2026/05/26 20:14:46.466, 0, 6495
2026/05/26 20:14:48.493, 0, 6495
2026/05/26 20:14:50.519, 0, 6495
2026/05/26 20:14:52.546, 0, 6495
2026/05/26 20:14:54.574, 0, 6495
2026/05/26 20:14:56.601, 0, 6495
2026/05/26 20:14:58.628, 0, 6495
2026/05/26 20:15:00.655, 0, 6495
2026/05/26 20:15:02.681, 0, 6495
2026/05/26 20:15:04.707, 0, 6495
2026/05/26 20:15:06.733, 0, 6495
2026/05/26 20:15:08.760, 0, 6495
2026/05/26 20:15:10.787, 0, 6495
2026/05/26 20:15:12.815, 0, 6495
2026/05/26 20:15:14.841, 0, 6495
2026/05/26 20:15:16.869, 0, 6495
2026/05/26 20:15:18.896, 0, 6495
2026/05/26 20:15:20.922, 0, 6495
2026/05/26 20:15:22.948, 0, 6495
2026/05/26 20:15:24.974, 0, 6495
2026/05/26 20:15:27.000, 0, 6495
2026/05/26 20:15:29.027, 0, 6495
2026/05/26 20:15:31.054, 0, 6495
2026/05/26 20:15:33.080, 0, 6495
2026/05/26 20:15:35.106, 0, 6495
2026/05/26 20:15:37.140, 0, 6495
2026/05/26 20:15:39.168, 0, 6495
2026/05/26 20:15:41.195, 0, 6495
2026/05/26 20:15:43.222, 0, 6495
2026/05/26 20:15:45.248, 0, 6495
2026/05/26 20:15:47.281, 0, 6495
2026/05/26 20:15:49.307, 0, 6495
2026/05/26 20:15:51.334, 0, 6495
2026/05/26 20:15:53.361, 0, 6495
2026/05/26 20:15:55.388, 0, 6495
2026/05/26 20:15:57.414, 0, 6495
2026/05/26 20:15:59.441, 0, 6495
2026/05/26 20:16:01.468, 0, 6495
2026/05/26 20:16:03.495, 0, 6495
2026/05/26 20:16:05.521, 0, 6495
2026/05/26 20:16:07.548, 0, 6495
2026/05/26 20:16:09.575, 0, 6495
2026/05/26 20:16:11.602, 0, 6495
2026/05/26 20:16:13.629, 0, 6495
2026/05/26 20:16:15.655, 0, 6495
2026/05/26 20:16:17.683, 0, 6495
2026/05/26 20:16:19.702, 0, 6495
2026/05/26 20:16:21.729, 0, 6495
2026/05/26 20:16:23.754, 0, 6495
2026/05/26 20:16:25.781, 0, 6495
2026/05/26 20:16:27.809, 0, 6495
2026/05/26 20:16:29.836, 0, 6495
2026/05/26 20:16:31.862, 0, 6495
2026/05/26 20:16:33.890, 0, 6495
2026/05/26 20:16:35.917, 0, 6495
2026/05/26 20:16:37.936, 0, 6495
2026/05/26 20:16:39.962, 0, 6495
2026/05/26 20:16:41.989, 0, 6495
2026/05/26 20:16:44.016, 0, 6495
2026/05/26 20:16:46.042, 0, 6495
2026/05/26 20:16:48.070, 0, 6495
2026/05/26 20:16:50.097, 0, 6495
2026/05/26 20:16:52.124, 0, 6495
2026/05/26 20:16:54.150, 0, 6495
2026/05/26 20:16:56.178, 0, 6495
2026/05/26 20:16:58.206, 0, 6495
2026/05/26 20:17:00.233, 0, 6495
2026/05/26 20:17:02.259, 0, 6495
2026/05/26 20:17:04.287, 0, 6495
2026/05/26 20:17:06.314, 0, 6495
2026/05/26 20:17:08.340, 0, 6495
2026/05/26 20:17:10.367, 0, 6495
2026/05/26 20:17:12.394, 0, 6495
2026/05/26 20:17:14.421, 0, 6495
2026/05/26 20:17:16.448, 0, 6495
2026/05/26 20:17:18.474, 0, 6495
2026/05/26 20:17:20.500, 0, 6495
2026/05/26 20:17:22.528, 0, 6495
2026/05/26 20:17:24.554, 0, 6495
2026/05/26 20:17:26.580, 0, 6495
2026/05/26 20:17:28.606, 0, 6495
2026/05/26 20:17:30.633, 0, 6495
2026/05/26 20:17:32.660, 0, 6495
2026/05/26 20:17:34.686, 0, 6495
2026/05/26 20:17:36.713, 0, 6495
2026/05/26 20:17:38.740, 0, 6495
2026/05/26 20:17:40.767, 0, 6495
2026/05/26 20:17:42.793, 0, 6495
2026/05/26 20:17:44.819, 0, 6495
2026/05/26 20:17:46.846, 0, 6495
2026/05/26 20:17:48.873, 0, 6495
2026/05/26 20:17:50.900, 0, 6495
2026/05/26 20:17:52.928, 0, 6495
2026/05/26 20:17:54.955, 0, 6495
2026/05/26 20:17:56.983, 0, 6495
2026/05/26 20:17:59.010, 0, 6495
2026/05/26 20:18:01.037, 0, 6495
2026/05/26 20:18:03.065, 0, 6495
2026/05/26 20:18:05.092, 0, 6495
2026/05/26 20:18:07.119, 0, 6495
2026/05/26 20:18:09.146, 0, 6495
2026/05/26 20:18:11.173, 0, 6495
2026/05/26 20:18:13.200, 0, 6495
2026/05/26 20:18:15.226, 0, 6495
2026/05/26 20:18:17.253, 0, 6495
2026/05/26 20:18:19.279, 0, 6495
2026/05/26 20:18:21.305, 0, 6495
2026/05/26 20:18:23.331, 0, 6495
2026/05/26 20:18:25.358, 0, 6495
2026/05/26 20:18:27.386, 0, 6495
2026/05/26 20:18:29.412, 0, 6495
2026/05/26 20:18:31.439, 0, 6495
2026/05/26 20:18:33.465, 0, 6495
2026/05/26 20:18:35.492, 0, 6495
2026/05/26 20:18:37.519, 0, 6495
2026/05/26 20:18:39.545, 0, 6495
2026/05/26 20:18:41.572, 0, 6495
2026/05/26 20:18:43.598, 0, 6495
2026/05/26 20:18:45.625, 0, 6495
2026/05/26 20:18:47.651, 0, 6495
2026/05/26 20:18:49.678, 0, 6495
2026/05/26 20:18:51.705, 0, 6495
2026/05/26 20:18:53.731, 0, 6495
2026/05/26 20:18:55.758, 0, 6495
2026/05/26 20:18:57.784, 0, 6495
2026/05/26 20:18:59.810, 0, 6495
2026/05/26 20:19:01.837, 0, 6495
2026/05/26 20:19:03.863, 0, 6495
2026/05/26 20:19:05.889, 0, 6495
2026/05/26 20:19:07.915, 0, 6495
2026/05/26 20:19:09.942, 0, 6495
2026/05/26 20:19:11.968, 0, 6495
2026/05/26 20:19:13.995, 0, 6495
2026/05/26 20:19:16.041, 0, 6495
2026/05/26 20:19:18.067, 0, 6495
2026/05/26 20:19:20.093, 0, 6495
2026/05/26 20:19:22.119, 0, 6495
2026/05/26 20:19:24.146, 0, 6495
2026/05/26 20:19:26.173, 0, 6495
2026/05/26 20:19:28.200, 0, 6495
2026/05/26 20:19:30.226, 0, 6495
2026/05/26 20:19:32.253, 0, 6495
2026/05/26 20:19:34.280, 0, 6495
2026/05/26 20:19:36.307, 0, 6495
2026/05/26 20:19:38.334, 0, 6495
2026/05/26 20:19:40.361, 0, 6495
2026/05/26 20:19:42.389, 0, 6495
2026/05/26 20:19:44.417, 0, 6495
2026/05/26 20:19:46.444, 0, 6495
2026/05/26 20:19:48.468, 0, 6495
2026/05/26 20:19:50.494, 0, 6495
2026/05/26 20:19:52.521, 0, 6495
2026/05/26 20:19:54.549, 0, 6495
2026/05/26 20:19:56.577, 0, 6495
2026/05/26 20:19:58.605, 0, 6495
2026/05/26 20:20:00.633, 0, 6495
2026/05/26 20:20:02.660, 0, 6495
2026/05/26 20:20:04.687, 0, 6495
2026/05/26 20:20:06.714, 0, 6495
2026/05/26 20:20:08.741, 0, 6495
2026/05/26 20:20:10.768, 0, 6495
2026/05/26 20:20:12.796, 0, 6495
2026/05/26 20:20:14.823, 0, 6495
2026/05/26 20:20:16.850, 0, 6495
2026/05/26 20:20:18.877, 0, 6495
2026/05/26 20:20:20.905, 0, 6495
2026/05/26 20:20:22.932, 0, 6495
2026/05/26 20:20:24.959, 0, 6495
2026/05/26 20:20:26.984, 0, 6495
2026/05/26 20:20:29.011, 0, 6495
2026/05/26 20:20:31.037, 0, 6495
2026/05/26 20:20:33.065, 0, 6495
2026/05/26 20:20:35.092, 0, 6495
2026/05/26 20:20:37.119, 0, 6495
2026/05/26 20:20:39.145, 0, 6495
2026/05/26 20:20:41.171, 0, 6495
2026/05/26 20:20:43.198, 0, 6495
2026/05/26 20:20:45.225, 0, 6495
2026/05/26 20:20:47.252, 0, 6495
2026/05/26 20:20:49.280, 0, 6495
2026/05/26 20:20:51.308, 0, 6495
2026/05/26 20:20:53.335, 0, 6495
2026/05/26 20:20:55.361, 0, 6495
2026/05/26 20:20:57.387, 0, 6495
2026/05/26 20:20:59.414, 0, 6495
2026/05/26 20:21:01.441, 0, 6495
2026/05/26 20:21:03.468, 0, 6495
2026/05/26 20:21:05.495, 0, 6495
2026/05/26 20:21:07.522, 0, 6495
2026/05/26 20:21:09.548, 0, 6495
2026/05/26 20:21:11.574, 0, 6495
2026/05/26 20:21:13.602, 0, 6495
2026/05/26 20:21:15.628, 0, 6495
2026/05/26 20:21:17.654, 0, 6495
2026/05/26 20:21:19.680, 0, 6495
2026/05/26 20:21:21.708, 0, 6495
2026/05/26 20:21:23.735, 0, 6495
2026/05/26 20:21:25.762, 0, 6495
2026/05/26 20:21:27.788, 0, 6495
2026/05/26 20:21:29.816, 0, 6495
2026/05/26 20:21:31.843, 0, 6495
2026/05/26 20:21:33.868, 0, 6495
2026/05/26 20:21:35.895, 0, 6495
2026/05/26 20:21:37.923, 0, 6495
2026/05/26 20:21:39.949, 0, 6495
2026/05/26 20:21:41.974, 0, 6495
2026/05/26 20:21:44.000, 0, 6495
2026/05/26 20:21:46.020, 0, 6495
2026/05/26 20:21:48.047, 0, 6495
2026/05/26 20:21:50.073, 0, 6495
2026/05/26 20:21:52.100, 0, 6495
2026/05/26 20:21:54.128, 0, 6495
2026/05/26 20:21:56.155, 0, 6495
2026/05/26 20:21:58.180, 0, 6495
2026/05/26 20:22:00.207, 0, 6495
2026/05/26 20:22:02.235, 0, 6495
2026/05/26 20:22:04.262, 0, 6495
2026/05/26 20:22:06.288, 0, 6495
2026/05/26 20:22:08.325, 0, 6495
2026/05/26 20:22:10.352, 0, 6495
2026/05/26 20:22:12.379, 0, 6495
2026/05/26 20:22:14.405, 0, 6495
2026/05/26 20:22:16.432, 0, 6495
2026/05/26 20:22:18.459, 0, 6495
2026/05/26 20:22:20.485, 0, 6495
2026/05/26 20:22:22.512, 0, 6495
2026/05/26 20:22:24.539, 0, 6495
2026/05/26 20:22:26.565, 0, 6495
2026/05/26 20:22:28.592, 0, 6495
2026/05/26 20:22:30.619, 0, 6495
2026/05/26 20:22:32.647, 0, 6495
2026/05/26 20:22:34.674, 0, 6495
2026/05/26 20:22:36.701, 0, 6495
2026/05/26 20:22:38.727, 0, 6495
2026/05/26 20:22:40.754, 0, 6495
2026/05/26 20:22:42.782, 0, 6495
2026/05/26 20:22:44.810, 0, 6495
2026/05/26 20:22:46.838, 0, 6495
2026/05/26 20:22:48.865, 0, 6495
2026/05/26 20:22:50.892, 0, 6495
2026/05/26 20:22:52.918, 0, 6495
2026/05/26 20:22:54.944, 0, 6495
2026/05/26 20:22:56.971, 0, 6495
2026/05/26 20:22:58.998, 0, 6495
2026/05/26 20:23:01.026, 0, 6495
2026/05/26 20:23:03.053, 0, 6495
2026/05/26 20:23:05.080, 0, 6495
2026/05/26 20:23:07.107, 0, 6495
2026/05/26 20:23:09.133, 0, 6495
2026/05/26 20:23:11.161, 0, 6495
2026/05/26 20:23:13.188, 0, 6495
2026/05/26 20:23:15.213, 0, 6495
2026/05/26 20:23:17.240, 0, 6495
2026/05/26 20:23:19.268, 0, 6495
2026/05/26 20:23:21.295, 0, 6495
2026/05/26 20:23:23.321, 0, 6495
2026/05/26 20:23:25.348, 0, 6495
2026/05/26 20:23:27.376, 0, 6495
2026/05/26 20:23:29.403, 0, 6495
2026/05/26 20:23:31.430, 0, 6495
2026/05/26 20:23:33.458, 0, 6495
2026/05/26 20:23:35.484, 0, 6495
2026/05/26 20:23:37.510, 0, 6495
2026/05/26 20:23:39.537, 0, 6495
2026/05/26 20:23:41.563, 0, 6495
2026/05/26 20:23:43.582, 0, 6495
2026/05/26 20:23:45.608, 0, 6495
2026/05/26 20:23:47.635, 0, 6495
2026/05/26 20:23:49.663, 0, 6495
2026/05/26 20:23:51.689, 0, 6495
2026/05/26 20:23:53.715, 0, 6495
2026/05/26 20:23:55.742, 0, 6495
2026/05/26 20:23:57.769, 0, 6495
2026/05/26 20:23:59.795, 0, 6495
2026/05/26 20:24:01.826, 0, 6495
2026/05/26 20:24:03.858, 0, 6495
2026/05/26 20:24:05.885, 0, 6495
2026/05/26 20:24:07.913, 0, 6495
2026/05/26 20:24:09.939, 0, 6495
2026/05/26 20:24:11.965, 0, 6495
2026/05/26 20:24:13.992, 0, 6495
2026/05/26 20:24:16.019, 0, 6495
2026/05/26 20:24:18.045, 0, 6495
2026/05/26 20:24:20.073, 0, 6495
2026/05/26 20:24:22.100, 0, 6495
2026/05/26 20:24:24.126, 0, 6495
2026/05/26 20:24:26.153, 0, 6495
2026/05/26 20:24:28.180, 0, 6495
2026/05/26 20:24:30.206, 0, 6495
2026/05/26 20:24:32.233, 0, 6495
2026/05/26 20:24:34.260, 0, 6495
2026/05/26 20:24:36.285, 0, 6495
2026/05/26 20:24:38.312, 0, 6495
2026/05/26 20:24:40.340, 0, 6495
2026/05/26 20:24:42.366, 0, 6495
2026/05/26 20:24:44.393, 0, 6495
2026/05/26 20:24:46.412, 0, 6495
2026/05/26 20:24:48.438, 0, 6495
2026/05/26 20:24:50.464, 0, 6495
2026/05/26 20:24:52.492, 0, 6495
2026/05/26 20:24:54.518, 0, 6495
2026/05/26 20:24:56.544, 0, 6495
2026/05/26 20:24:58.572, 0, 6495
2026/05/26 20:25:00.598, 0, 6495
2026/05/26 20:25:02.625, 0, 6495
2026/05/26 20:25:04.653, 0, 6495
2026/05/26 20:25:06.681, 0, 6495
2026/05/26 20:25:08.707, 0, 6495
2026/05/26 20:25:10.734, 0, 6495
2026/05/26 20:25:12.760, 0, 6495
2026/05/26 20:25:14.786, 0, 6495
2026/05/26 20:25:16.812, 0, 6495
2026/05/26 20:25:18.840, 0, 6495
2026/05/26 20:25:20.866, 0, 6495
2026/05/26 20:25:22.892, 0, 6495
2026/05/26 20:25:24.919, 0, 6495
2026/05/26 20:25:26.946, 0, 6495
2026/05/26 20:25:28.972, 0, 6495
2026/05/26 20:25:30.999, 0, 6495
2026/05/26 20:25:33.026, 0, 6495
2026/05/26 20:25:35.053, 0, 6495
2026/05/26 20:25:37.079, 0, 6495
2026/05/26 20:25:39.106, 0, 6495
2026/05/26 20:25:41.133, 0, 6495
2026/05/26 20:25:43.160, 0, 6495
2026/05/26 20:25:45.186, 0, 6495
2026/05/26 20:25:47.213, 0, 6495
2026/05/26 20:25:49.241, 0, 6495
2026/05/26 20:25:51.268, 0, 6495
2026/05/26 20:25:53.295, 0, 6495
2026/05/26 20:25:55.322, 0, 6495
2026/05/26 20:25:57.350, 0, 6495
2026/05/26 20:25:59.376, 0, 6495
2026/05/26 20:26:01.397, 0, 6495
2026/05/26 20:26:03.424, 0, 6495
2026/05/26 20:26:05.452, 0, 6495
2026/05/26 20:26:07.478, 0, 6495
2026/05/26 20:26:09.504, 0, 6495
2026/05/26 20:26:11.531, 0, 6495
2026/05/26 20:26:13.557, 0, 6495
2026/05/26 20:26:15.584, 0, 6495
2026/05/26 20:26:17.611, 0, 6495
2026/05/26 20:26:19.638, 0, 6495
2026/05/26 20:26:21.664, 0, 6495
2026/05/26 20:26:23.692, 0, 6495
2026/05/26 20:26:25.719, 0, 6495
2026/05/26 20:26:27.746, 0, 6495
2026/05/26 20:26:29.772, 0, 6495
2026/05/26 20:26:31.799, 0, 6495
2026/05/26 20:26:33.827, 0, 6495
2026/05/26 20:26:35.855, 0, 6495
2026/05/26 20:26:37.881, 0, 6495
2026/05/26 20:26:39.907, 0, 6495
2026/05/26 20:26:41.934, 0, 6495
2026/05/26 20:26:43.961, 0, 6495
2026/05/26 20:26:45.987, 0, 6495
2026/05/26 20:26:48.013, 0, 6495
2026/05/26 20:26:50.040, 0, 6495
2026/05/26 20:26:52.066, 0, 6495
2026/05/26 20:26:54.094, 0, 6495
2026/05/26 20:26:56.121, 0, 6495
2026/05/26 20:26:58.148, 0, 6495
2026/05/26 20:27:00.176, 0, 6495
2026/05/26 20:27:02.204, 0, 6495
2026/05/26 20:27:04.232, 0, 6495
2026/05/26 20:27:06.259, 0, 6495
2026/05/26 20:27:08.287, 0, 6495
2026/05/26 20:27:10.315, 0, 6495
2026/05/26 20:27:12.341, 0, 6495
2026/05/26 20:27:14.369, 0, 6495
2026/05/26 20:27:16.397, 0, 6495
2026/05/26 20:27:18.425, 0, 6495
2026/05/26 20:27:20.450, 0, 6495
2026/05/26 20:27:22.477, 0, 6495
2026/05/26 20:27:24.503, 0, 6495
2026/05/26 20:27:26.532, 0, 6495
2026/05/26 20:27:28.560, 0, 6495
2026/05/26 20:27:30.587, 0, 6495
2026/05/26 20:27:32.614, 0, 6495
2026/05/26 20:27:34.641, 0, 6495
2026/05/26 20:27:36.668, 0, 6495
2026/05/26 20:27:38.699, 0, 6495
2026/05/26 20:27:40.725, 0, 6495
2026/05/26 20:27:42.752, 0, 6495
2026/05/26 20:27:44.779, 0, 6495
2026/05/26 20:27:46.806, 0, 6495
2026/05/26 20:27:48.833, 0, 6495
2026/05/26 20:27:50.860, 0, 6495
2026/05/26 20:27:52.888, 0, 6495
2026/05/26 20:27:54.916, 0, 6495
2026/05/26 20:27:56.942, 0, 6495
2026/05/26 20:27:58.978, 0, 6495
2026/05/26 20:28:01.005, 0, 6495
2026/05/26 20:28:03.032, 0, 6495
2026/05/26 20:28:05.060, 0, 6495
2026/05/26 20:28:07.088, 0, 6495
2026/05/26 20:28:09.115, 0, 6495
2026/05/26 20:28:11.143, 0, 6495
2026/05/26 20:28:13.171, 0, 6495
2026/05/26 20:28:15.207, 0, 6495
2026/05/26 20:28:17.232, 0, 6495
2026/05/26 20:28:19.259, 0, 6495
2026/05/26 20:28:21.285, 0, 6495
2026/05/26 20:28:23.312, 0, 6495
2026/05/26 20:28:25.340, 0, 6495
2026/05/26 20:28:27.367, 0, 6495
2026/05/26 20:28:29.394, 0, 6495
2026/05/26 20:28:31.422, 0, 6495
2026/05/26 20:28:33.449, 0, 6495
2026/05/26 20:28:35.477, 0, 6495
2026/05/26 20:28:37.504, 0, 6495
2026/05/26 20:28:39.531, 0, 6495
2026/05/26 20:28:41.559, 0, 6495
2026/05/26 20:28:43.585, 0, 6495
2026/05/26 20:28:45.613, 0, 6495
2026/05/26 20:28:47.641, 0, 6495
2026/05/26 20:28:49.668, 0, 6495
2026/05/26 20:28:51.694, 0, 6495
2026/05/26 20:28:53.721, 0, 6495
2026/05/26 20:28:55.748, 0, 6495
2026/05/26 20:28:57.774, 0, 6495
2026/05/26 20:28:59.801, 0, 6495
2026/05/26 20:29:01.828, 0, 6495
2026/05/26 20:29:03.855, 0, 6495
2026/05/26 20:29:05.883, 0, 6495
2026/05/26 20:29:07.910, 0, 6495
2026/05/26 20:29:09.937, 0, 6495
2026/05/26 20:29:11.964, 0, 6495
2026/05/26 20:29:13.992, 0, 6495
2026/05/26 20:29:16.018, 0, 6495
2026/05/26 20:29:18.044, 0, 6495
2026/05/26 20:29:20.071, 0, 6495
2026/05/26 20:29:22.098, 0, 6495
2026/05/26 20:29:24.125, 0, 6495
2026/05/26 20:29:26.152, 0, 6495
2026/05/26 20:29:28.179, 0, 6495
2026/05/26 20:29:30.207, 0, 6495
2026/05/26 20:29:32.233, 0, 6495
2026/05/26 20:29:34.260, 0, 6495
2026/05/26 20:29:36.288, 0, 6495
2026/05/26 20:29:38.315, 0, 6495
2026/05/26 20:29:40.341, 0, 6495
2026/05/26 20:29:42.367, 0, 6495
2026/05/26 20:29:44.394, 0, 6495
2026/05/26 20:29:46.421, 0, 6495
2026/05/26 20:29:48.449, 0, 6495
2026/05/26 20:29:50.477, 0, 6495
2026/05/26 20:29:52.502, 0, 6495
2026/05/26 20:29:54.529, 0, 6495
2026/05/26 20:29:56.556, 0, 6495
2026/05/26 20:29:58.584, 0, 6495
2026/05/26 20:30:00.611, 0, 6495
2026/05/26 20:30:02.633, 0, 6495
2026/05/26 20:30:04.659, 0, 6495
2026/05/26 20:30:06.686, 0, 6495
2026/05/26 20:30:08.713, 0, 6495
2026/05/26 20:30:10.741, 0, 6495
2026/05/26 20:30:12.768, 0, 6495
2026/05/26 20:30:14.794, 0, 6495
2026/05/26 20:30:16.821, 0, 6495
2026/05/26 20:30:18.847, 0, 6495
2026/05/26 20:30:20.874, 0, 6495
2026/05/26 20:30:22.901, 0, 6495
2026/05/26 20:30:24.928, 0, 6495
2026/05/26 20:30:26.955, 0, 6495
2026/05/26 20:30:28.983, 0, 6495
2026/05/26 20:30:31.010, 0, 6495
2026/05/26 20:30:33.037, 0, 6495
2026/05/26 20:30:35.064, 0, 6495
2026/05/26 20:30:37.092, 0, 6495
2026/05/26 20:30:39.120, 0, 6495
2026/05/26 20:30:41.147, 0, 6495
2026/05/26 20:30:43.173, 0, 6495
2026/05/26 20:30:45.200, 0, 6495
2026/05/26 20:30:47.228, 0, 6495
2026/05/26 20:30:49.254, 0, 6495
2026/05/26 20:30:51.283, 0, 6495
2026/05/26 20:30:53.313, 0, 6495
2026/05/26 20:30:55.339, 0, 6495
2026/05/26 20:30:57.367, 0, 6495
2026/05/26 20:30:59.393, 0, 6495
2026/05/26 20:31:01.421, 0, 6495
2026/05/26 20:31:03.449, 0, 6495
2026/05/26 20:31:05.477, 0, 6495
2026/05/26 20:31:07.504, 0, 6495
2026/05/26 20:31:09.531, 0, 6495
2026/05/26 20:31:11.558, 0, 6495
2026/05/26 20:31:13.586, 0, 6495
2026/05/26 20:31:15.613, 0, 6495
2026/05/26 20:31:17.640, 0, 6495
2026/05/26 20:31:19.666, 0, 6495
2026/05/26 20:31:21.694, 0, 6495
2026/05/26 20:31:23.721, 0, 6495
2026/05/26 20:31:25.751, 0, 6495
2026/05/26 20:31:27.779, 0, 6495
2026/05/26 20:31:29.807, 0, 6495
2026/05/26 20:31:31.833, 0, 6495
2026/05/26 20:31:33.859, 0, 6495
2026/05/26 20:31:35.886, 0, 6495
2026/05/26 20:31:37.913, 0, 6495
2026/05/26 20:31:39.941, 0, 6495
2026/05/26 20:31:41.969, 0, 6495
2026/05/26 20:31:43.995, 0, 6725
2026/05/26 20:31:46.022, 0, 6725
2026/05/26 20:31:48.049, 0, 6725
2026/05/26 20:31:50.076, 0, 6725
2026/05/26 20:31:52.103, 0, 6725
2026/05/26 20:31:54.131, 0, 6725
2026/05/26 20:31:56.159, 0, 6725
2026/05/26 20:31:58.185, 0, 6725
2026/05/26 20:32:00.212, 0, 6725
2026/05/26 20:32:02.239, 0, 6877
2026/05/26 20:32:04.267, 0, 6877
2026/05/26 20:32:06.296, 0, 6877
2026/05/26 20:32:08.323, 0, 6877
2026/05/26 20:32:10.350, 0, 6877
2026/05/26 20:32:12.377, 0, 6877
2026/05/26 20:32:14.404, 0, 6877
2026/05/26 20:32:16.431, 0, 6877
2026/05/26 20:32:18.456, 0, 6877
2026/05/26 20:32:20.482, 0, 6877
2026/05/26 20:32:22.508, 0, 6877
2026/05/26 20:32:24.534, 0, 6877
2026/05/26 20:32:26.560, 0, 6877
2026/05/26 20:32:28.585, 0, 6877
2026/05/26 20:32:30.612, 0, 6877
2026/05/26 20:32:32.638, 0, 6877
2026/05/26 20:32:34.666, 0, 6877
2026/05/26 20:32:36.693, 0, 6877
2026/05/26 20:32:38.721, 0, 6877
2026/05/26 20:32:40.749, 0, 6877
2026/05/26 20:32:42.775, 0, 6877
2026/05/26 20:32:44.803, 0, 6877
2026/05/26 20:32:46.830, 0, 6877
2026/05/26 20:32:48.857, 0, 6877
2026/05/26 20:32:50.883, 0, 6877
2026/05/26 20:32:52.909, 0, 6877
2026/05/26 20:32:54.936, 0, 6877
2026/05/26 20:32:56.963, 0, 6877
2026/05/26 20:32:58.990, 0, 6877
2026/05/26 20:33:01.018, 0, 6877
2026/05/26 20:33:03.045, 0, 6877
2026/05/26 20:33:05.072, 0, 6877
2026/05/26 20:33:07.099, 0, 6877
2026/05/26 20:33:09.127, 0, 6877
2026/05/26 20:33:11.155, 0, 6877
2026/05/26 20:33:13.182, 0, 6877
2026/05/26 20:33:15.208, 0, 6877
2026/05/26 20:33:17.235, 0, 6877
2026/05/26 20:33:19.263, 0, 6877
2026/05/26 20:33:21.289, 0, 6877
2026/05/26 20:33:23.317, 0, 6877
2026/05/26 20:33:25.344, 0, 6877
2026/05/26 20:33:27.371, 0, 6877
2026/05/26 20:33:29.398, 0, 6877
2026/05/26 20:33:31.425, 0, 6877
2026/05/26 20:33:33.452, 0, 6877
2026/05/26 20:33:35.479, 0, 6877
2026/05/26 20:33:37.507, 0, 6877
2026/05/26 20:33:39.534, 0, 6877
2026/05/26 20:33:41.561, 0, 6877
2026/05/26 20:33:43.589, 0, 6877
2026/05/26 20:33:45.617, 0, 6877
2026/05/26 20:33:47.645, 0, 6877
2026/05/26 20:33:49.673, 0, 6877
2026/05/26 20:33:51.700, 0, 6877
2026/05/26 20:33:53.728, 0, 6877
2026/05/26 20:33:55.756, 0, 6877
2026/05/26 20:33:57.784, 0, 6877
2026/05/26 20:33:59.811, 0, 6877
2026/05/26 20:34:01.838, 0, 6877
2026/05/26 20:34:03.866, 0, 6877
2026/05/26 20:34:05.894, 0, 6877
2026/05/26 20:34:07.921, 0, 6877
2026/05/26 20:34:09.948, 0, 6877
2026/05/26 20:34:11.975, 0, 6877
2026/05/26 20:34:14.004, 0, 6877
2026/05/26 20:34:16.031, 0, 6877
2026/05/26 20:34:18.059, 0, 6877
2026/05/26 20:34:20.087, 0, 6877
2026/05/26 20:34:22.114, 0, 6877
2026/05/26 20:34:24.141, 0, 6877
2026/05/26 20:34:26.168, 0, 6877
2026/05/26 20:34:28.196, 0, 6877
2026/05/26 20:34:30.223, 0, 6877
2026/05/26 20:34:32.250, 0, 6877
2026/05/26 20:34:34.278, 0, 6877
2026/05/26 20:34:36.298, 0, 6877
2026/05/26 20:34:38.325, 0, 6877
2026/05/26 20:34:40.352, 0, 6877
2026/05/26 20:34:42.380, 0, 6877
2026/05/26 20:34:44.407, 0, 6877
2026/05/26 20:34:46.433, 0, 6877
2026/05/26 20:34:48.460, 0, 6877
2026/05/26 20:34:50.487, 0, 6877
2026/05/26 20:34:52.514, 0, 6877
2026/05/26 20:34:54.544, 0, 6877
2026/05/26 20:34:56.572, 0, 6877
2026/05/26 20:34:58.600, 0, 6877
2026/05/26 20:35:00.627, 0, 6877
2026/05/26 20:35:02.655, 0, 6877
2026/05/26 20:35:04.682, 0, 6877
2026/05/26 20:35:06.708, 0, 6877
2026/05/26 20:35:08.736, 0, 6877
2026/05/26 20:35:10.764, 0, 6877
2026/05/26 20:35:12.790, 0, 6877
2026/05/26 20:35:14.818, 0, 6877
2026/05/26 20:35:16.847, 0, 6877
2026/05/26 20:35:18.875, 0, 6877
2026/05/26 20:35:20.902, 0, 6877
2026/05/26 20:35:22.931, 0, 6877
2026/05/26 20:35:24.958, 0, 6877
2026/05/26 20:35:26.987, 0, 6877
2026/05/26 20:35:29.014, 0, 6877
2026/05/26 20:35:31.040, 0, 6877
2026/05/26 20:35:33.067, 0, 6877
2026/05/26 20:35:35.096, 0, 6877
2026/05/26 20:35:37.122, 0, 6877
2026/05/26 20:35:39.150, 0, 6877
2026/05/26 20:35:41.178, 0, 6877
2026/05/26 20:35:43.205, 0, 6877
2026/05/26 20:35:45.233, 0, 6877
2026/05/26 20:35:47.260, 0, 6877
2026/05/26 20:35:49.287, 0, 6877
2026/05/26 20:35:51.314, 0, 6877
2026/05/26 20:35:53.342, 0, 6877
2026/05/26 20:35:55.370, 0, 6877
2026/05/26 20:35:57.399, 0, 6877
2026/05/26 20:35:59.426, 0, 6877
2026/05/26 20:36:01.453, 0, 6877
2026/05/26 20:36:03.480, 0, 6877
2026/05/26 20:36:05.507, 0, 6877
2026/05/26 20:36:07.534, 0, 6877
2026/05/26 20:36:09.562, 0, 6877
2026/05/26 20:36:11.590, 0, 6877
2026/05/26 20:36:13.618, 0, 6877
2026/05/26 20:36:15.647, 0, 6877
2026/05/26 20:36:17.675, 0, 6877
2026/05/26 20:36:19.703, 0, 6877
2026/05/26 20:36:21.731, 0, 6877
2026/05/26 20:36:23.758, 0, 6877
2026/05/26 20:36:25.786, 0, 6877
2026/05/26 20:36:27.813, 0, 6877
2026/05/26 20:36:29.835, 0, 6877
2026/05/26 20:36:31.863, 0, 6877
2026/05/26 20:36:33.891, 0, 6877
2026/05/26 20:36:35.919, 0, 6877
2026/05/26 20:36:37.941, 0, 6877
2026/05/26 20:36:39.967, 0, 6877
2026/05/26 20:36:41.994, 0, 6877
2026/05/26 20:36:44.021, 0, 6877
2026/05/26 20:36:46.050, 0, 6877
2026/05/26 20:36:48.076, 0, 6877
2026/05/26 20:36:50.104, 0, 6877
2026/05/26 20:36:52.130, 0, 6877
2026/05/26 20:36:54.157, 0, 6877
2026/05/26 20:36:56.185, 0, 6877
2026/05/26 20:36:58.209, 0, 6877
2026/05/26 20:37:00.235, 0, 6877
2026/05/26 20:37:02.262, 0, 6877
2026/05/26 20:37:04.290, 0, 6877
2026/05/26 20:37:06.316, 0, 6877
2026/05/26 20:37:08.343, 0, 6877
2026/05/26 20:37:10.369, 0, 6877
2026/05/26 20:37:12.398, 0, 6877
2026/05/26 20:37:14.424, 0, 6877
2026/05/26 20:37:16.451, 0, 6877
2026/05/26 20:37:18.479, 0, 6877
2026/05/26 20:37:20.506, 0, 6877
2026/05/26 20:37:22.533, 0, 6877
2026/05/26 20:37:24.562, 0, 6877
2026/05/26 20:37:26.585, 0, 6877
2026/05/26 20:37:28.612, 0, 6877
2026/05/26 20:37:30.639, 0, 6877
2026/05/26 20:37:32.665, 0, 6877
2026/05/26 20:37:34.692, 0, 6877
2026/05/26 20:37:36.719, 0, 6877
2026/05/26 20:37:38.746, 0, 6877
2026/05/26 20:37:40.774, 0, 6877
2026/05/26 20:37:42.802, 0, 6877
2026/05/26 20:37:44.827, 0, 6877
2026/05/26 20:37:46.855, 0, 6877
2026/05/26 20:37:48.882, 0, 6877
2026/05/26 20:37:50.911, 0, 6877
2026/05/26 20:37:52.939, 0, 6877
2026/05/26 20:37:54.966, 0, 6877
2026/05/26 20:37:56.995, 0, 6877
2026/05/26 20:37:59.023, 0, 6877
2026/05/26 20:38:01.051, 0, 6877
2026/05/26 20:38:03.079, 0, 6877
2026/05/26 20:38:05.107, 0, 6877
2026/05/26 20:38:07.134, 0, 6877
2026/05/26 20:38:09.161, 0, 6877
2026/05/26 20:38:11.189, 0, 6877
2026/05/26 20:38:13.217, 0, 6877
2026/05/26 20:38:15.245, 0, 6877
2026/05/26 20:38:17.273, 0, 6877
2026/05/26 20:38:19.301, 0, 6877
2026/05/26 20:38:21.329, 0, 6877
2026/05/26 20:38:23.357, 0, 6877
2026/05/26 20:38:25.384, 0, 6877
2026/05/26 20:38:27.412, 0, 6877
2026/05/26 20:38:29.439, 0, 6877
2026/05/26 20:38:31.465, 0, 6877
2026/05/26 20:38:33.492, 0, 6877
2026/05/26 20:38:35.519, 0, 6877
2026/05/26 20:38:37.546, 0, 6877
2026/05/26 20:38:39.572, 0, 6877
2026/05/26 20:38:41.599, 0, 6877
2026/05/26 20:38:43.625, 0, 6877
2026/05/26 20:38:45.652, 0, 6877
2026/05/26 20:38:47.680, 0, 6877
2026/05/26 20:38:49.707, 0, 6877
2026/05/26 20:38:51.734, 0, 6877
2026/05/26 20:38:53.761, 0, 6877
2026/05/26 20:38:55.789, 0, 6877
2026/05/26 20:38:57.818, 0, 6877
2026/05/26 20:38:59.846, 0, 6877
2026/05/26 20:39:01.874, 0, 6877
2026/05/26 20:39:03.902, 0, 6877
2026/05/26 20:39:05.929, 0, 6877
2026/05/26 20:39:07.957, 0, 6877
2026/05/26 20:39:09.984, 0, 6877
2026/05/26 20:39:12.013, 0, 6877
2026/05/26 20:39:14.041, 0, 6877
2026/05/26 20:39:16.069, 0, 6877
2026/05/26 20:39:18.097, 0, 6877
2026/05/26 20:39:20.125, 0, 6877
2026/05/26 20:39:22.151, 0, 6877
2026/05/26 20:39:24.179, 0, 6877
2026/05/26 20:39:26.206, 0, 6877
2026/05/26 20:39:28.234, 0, 6877
2026/05/26 20:39:30.262, 0, 6877
2026/05/26 20:39:32.290, 0, 6877
2026/05/26 20:39:34.318, 0, 6877
2026/05/26 20:39:36.347, 0, 6877
2026/05/26 20:39:38.375, 0, 6877
2026/05/26 20:39:40.403, 0, 6877
2026/05/26 20:39:42.425, 0, 6877
2026/05/26 20:39:44.453, 0, 6877
2026/05/26 20:39:46.482, 0, 6877
2026/05/26 20:39:48.511, 0, 6877
2026/05/26 20:39:50.540, 0, 6877
2026/05/26 20:39:52.568, 0, 6877
2026/05/26 20:39:54.596, 0, 6877
2026/05/26 20:39:56.623, 0, 6877
2026/05/26 20:39:58.651, 0, 6877
2026/05/26 20:40:00.672, 0, 6877
2026/05/26 20:40:02.700, 0, 6877
2026/05/26 20:40:04.729, 0, 6877
2026/05/26 20:40:06.757, 0, 6877
2026/05/26 20:40:08.785, 0, 6877
2026/05/26 20:40:10.812, 0, 6877
2026/05/26 20:40:12.839, 0, 6877
2026/05/26 20:40:14.868, 0, 6877
2026/05/26 20:40:16.897, 0, 6877
2026/05/26 20:40:18.925, 0, 6877
2026/05/26 20:40:20.953, 0, 6877
2026/05/26 20:40:22.981, 0, 6877
2026/05/26 20:40:25.008, 0, 6877
2026/05/26 20:40:27.036, 0, 6877
2026/05/26 20:40:29.064, 0, 6877
2026/05/26 20:40:31.092, 0, 6877
2026/05/26 20:40:33.120, 0, 6877
2026/05/26 20:40:35.148, 0, 6877
2026/05/26 20:40:37.175, 0, 6877
2026/05/26 20:40:39.202, 0, 6877
2026/05/26 20:40:41.230, 0, 6877
2026/05/26 20:40:43.258, 0, 6877
2026/05/26 20:40:45.286, 0, 6877
2026/05/26 20:40:47.314, 0, 6877
2026/05/26 20:40:49.342, 0, 6877
2026/05/26 20:40:51.370, 0, 6877
2026/05/26 20:40:53.398, 0, 6877
2026/05/26 20:40:55.419, 0, 6877
2026/05/26 20:40:57.446, 0, 6877
2026/05/26 20:40:59.474, 0, 6877
2026/05/26 20:41:01.501, 0, 6877
2026/05/26 20:41:03.529, 0, 6877
2026/05/26 20:41:05.556, 0, 6877
2026/05/26 20:41:07.584, 0, 6877
2026/05/26 20:41:09.612, 0, 6877
2026/05/26 20:41:11.641, 0, 6877
2026/05/26 20:41:13.662, 0, 6877
2026/05/26 20:41:15.689, 0, 6877
2026/05/26 20:41:17.716, 0, 6877
2026/05/26 20:41:19.744, 0, 6877
2026/05/26 20:41:21.772, 0, 6877
2026/05/26 20:41:23.800, 0, 6877
2026/05/26 20:41:25.829, 0, 6877
2026/05/26 20:41:27.857, 0, 6877
2026/05/26 20:41:29.885, 0, 6877
2026/05/26 20:41:31.913, 0, 6877
2026/05/26 20:41:33.942, 0, 6877
2026/05/26 20:41:35.969, 0, 6877
2026/05/26 20:41:37.997, 0, 6877
2026/05/26 20:41:40.025, 0, 6877
2026/05/26 20:41:42.053, 0, 6877
2026/05/26 20:41:44.081, 0, 6877
2026/05/26 20:41:46.108, 0, 6877
2026/05/26 20:41:48.135, 0, 6877
2026/05/26 20:41:50.163, 0, 6877
2026/05/26 20:41:52.190, 0, 6877
2026/05/26 20:41:54.218, 0, 6877
2026/05/26 20:41:56.245, 0, 6877
2026/05/26 20:41:58.273, 0, 6877
2026/05/26 20:42:00.300, 0, 6877
2026/05/26 20:42:02.328, 0, 6877
2026/05/26 20:42:04.355, 0, 6877
2026/05/26 20:42:06.382, 0, 6877
2026/05/26 20:42:08.409, 0, 6877
2026/05/26 20:42:10.437, 0, 6877
2026/05/26 20:42:12.465, 0, 6877
2026/05/26 20:42:14.493, 0, 6877
2026/05/26 20:42:16.520, 0, 6877
2026/05/26 20:42:18.549, 0, 6877
2026/05/26 20:42:20.577, 0, 6877
2026/05/26 20:42:22.605, 0, 6877
2026/05/26 20:42:24.633, 0, 6877
2026/05/26 20:42:26.660, 0, 6877
2026/05/26 20:42:28.688, 0, 6877
2026/05/26 20:42:30.716, 0, 6877
2026/05/26 20:42:32.744, 0, 6877
2026/05/26 20:42:34.772, 0, 6877
2026/05/26 20:42:36.800, 0, 6877
2026/05/26 20:42:38.829, 0, 6877
2026/05/26 20:42:40.857, 0, 6877
2026/05/26 20:42:42.886, 0, 6877
2026/05/26 20:42:44.913, 0, 6877
2026/05/26 20:42:46.941, 0, 6877
2026/05/26 20:42:48.968, 0, 6877
2026/05/26 20:42:50.996, 0, 6877
2026/05/26 20:42:53.024, 0, 6877
2026/05/26 20:42:55.052, 0, 6877
2026/05/26 20:42:57.081, 0, 6877
2026/05/26 20:42:59.109, 0, 6877
2026/05/26 20:43:01.136, 0, 6877
2026/05/26 20:43:03.165, 0, 6877
2026/05/26 20:43:05.192, 0, 6877
2026/05/26 20:43:07.220, 0, 6877
2026/05/26 20:43:09.248, 0, 6877
2026/05/26 20:43:11.277, 0, 6877
2026/05/26 20:43:13.304, 0, 6877
2026/05/26 20:43:15.332, 0, 6877
2026/05/26 20:43:17.360, 0, 6877
2026/05/26 20:43:19.388, 0, 6877
2026/05/26 20:43:21.416, 0, 6877
2026/05/26 20:43:23.444, 0, 6877
2026/05/26 20:43:25.471, 0, 6877
2026/05/26 20:43:27.498, 0, 6877
2026/05/26 20:43:29.527, 0, 6877
2026/05/26 20:43:31.555, 0, 6877
2026/05/26 20:43:33.583, 0, 6877
2026/05/26 20:43:35.610, 0, 6877
2026/05/26 20:43:37.638, 0, 6877
2026/05/26 20:43:39.666, 0, 6877
2026/05/26 20:43:41.694, 0, 6877
2026/05/26 20:43:43.721, 0, 6877
2026/05/26 20:43:45.749, 0, 6877
2026/05/26 20:43:47.777, 0, 6877
2026/05/26 20:43:49.805, 0, 6877
2026/05/26 20:43:51.833, 0, 6877
2026/05/26 20:43:53.860, 0, 6877
2026/05/26 20:43:55.886, 0, 6877
2026/05/26 20:43:57.913, 0, 6877
2026/05/26 20:43:59.941, 0, 6877
2026/05/26 20:44:01.970, 0, 6877
2026/05/26 20:44:03.997, 0, 6877
2026/05/26 20:44:06.025, 0, 6877
2026/05/26 20:44:08.053, 0, 6877
2026/05/26 20:44:10.082, 0, 6877
2026/05/26 20:44:12.112, 0, 6877
2026/05/26 20:44:14.141, 0, 6877
2026/05/26 20:44:16.170, 0, 6877
2026/05/26 20:44:18.199, 0, 6877
2026/05/26 20:44:20.227, 0, 6877
2026/05/26 20:44:22.256, 0, 6877
2026/05/26 20:44:24.284, 0, 6877
2026/05/26 20:44:26.311, 0, 6877
2026/05/26 20:44:28.339, 0, 6877
2026/05/26 20:44:30.368, 0, 6877
2026/05/26 20:44:32.397, 0, 6877
2026/05/26 20:44:34.425, 0, 6877
2026/05/26 20:44:36.454, 0, 6877
2026/05/26 20:44:38.482, 0, 6877
2026/05/26 20:44:40.510, 0, 6877
2026/05/26 20:44:42.539, 0, 6877
2026/05/26 20:44:44.566, 0, 6877
2026/05/26 20:44:46.595, 0, 6877
2026/05/26 20:44:48.624, 0, 6877
2026/05/26 20:44:50.653, 0, 6877
2026/05/26 20:44:52.681, 0, 6877
2026/05/26 20:44:54.709, 0, 6877
2026/05/26 20:44:56.737, 0, 6877
2026/05/26 20:44:58.766, 0, 6877
2026/05/26 20:45:00.794, 0, 6877
2026/05/26 20:45:02.822, 0, 6877
2026/05/26 20:45:04.850, 0, 6877
2026/05/26 20:45:06.878, 0, 6877
2026/05/26 20:45:08.906, 0, 6877
2026/05/26 20:45:10.933, 0, 6877
2026/05/26 20:45:12.961, 0, 6877
2026/05/26 20:45:14.989, 0, 6877
2026/05/26 20:45:17.017, 0, 6877
2026/05/26 20:45:19.045, 0, 6877
2026/05/26 20:45:21.074, 0, 6877
2026/05/26 20:45:23.102, 0, 6877
2026/05/26 20:45:25.131, 0, 6877
2026/05/26 20:45:27.160, 0, 6877
2026/05/26 20:45:29.188, 0, 6877
2026/05/26 20:45:31.217, 0, 6877
2026/05/26 20:45:33.246, 0, 6877
2026/05/26 20:45:35.275, 0, 6877
2026/05/26 20:45:37.303, 0, 6877
2026/05/26 20:45:39.332, 0, 6877
2026/05/26 20:45:41.359, 0, 6877
2026/05/26 20:45:43.386, 0, 6877
2026/05/26 20:45:45.414, 0, 6877
2026/05/26 20:45:47.442, 0, 6877
2026/05/26 20:45:49.464, 0, 6877
2026/05/26 20:45:51.493, 0, 6877
2026/05/26 20:45:53.522, 0, 6877
2026/05/26 20:45:55.550, 0, 6877
2026/05/26 20:45:57.573, 0, 6877
2026/05/26 20:45:59.601, 0, 6877
2026/05/26 20:46:01.629, 0, 6877
2026/05/26 20:46:03.657, 0, 6877
2026/05/26 20:46:05.680, 0, 6877
2026/05/26 20:46:07.708, 0, 6877
2026/05/26 20:46:09.736, 0, 6877
2026/05/26 20:46:11.765, 0, 6877
2026/05/26 20:46:13.792, 0, 6877
2026/05/26 20:46:15.818, 0, 6877
2026/05/26 20:46:17.846, 0, 6877
2026/05/26 20:46:19.874, 0, 6877
2026/05/26 20:46:21.902, 0, 6877
2026/05/26 20:46:23.931, 0, 6877
2026/05/26 20:46:25.960, 0, 6877
2026/05/26 20:46:27.987, 0, 6877
2026/05/26 20:46:30.008, 0, 6877
2026/05/26 20:46:32.035, 0, 6877
2026/05/26 20:46:34.063, 0, 6877
2026/05/26 20:46:36.091, 0, 6877
2026/05/26 20:46:38.116, 0, 6877
2026/05/26 20:46:40.145, 0, 6877
2026/05/26 20:46:42.174, 0, 6877
2026/05/26 20:46:44.201, 0, 6877
2026/05/26 20:46:46.222, 0, 6877
2026/05/26 20:46:48.249, 0, 6877
2026/05/26 20:46:50.277, 0, 6877
2026/05/26 20:46:52.306, 0, 6877
2026/05/26 20:46:54.334, 0, 6877
2026/05/26 20:46:56.362, 0, 6877
2026/05/26 20:46:58.383, 0, 6877
2026/05/26 20:47:00.411, 0, 6877
2026/05/26 20:47:02.436, 0, 6877
2026/05/26 20:47:04.463, 0, 6877
2026/05/26 20:47:06.491, 0, 6877
2026/05/26 20:47:08.518, 0, 6877
2026/05/26 20:47:10.542, 0, 6877
2026/05/26 20:47:12.570, 0, 6877
2026/05/26 20:47:14.599, 0, 6877
2026/05/26 20:47:16.628, 0, 6877
2026/05/26 20:47:18.658, 0, 6877
2026/05/26 20:47:20.688, 0, 6877
2026/05/26 20:47:22.718, 0, 6877
2026/05/26 20:47:24.746, 0, 6877
2026/05/26 20:47:26.776, 0, 6877
2026/05/26 20:47:28.803, 0, 6877
2026/05/26 20:47:30.831, 0, 6877
2026/05/26 20:47:32.859, 0, 6877
2026/05/26 20:47:34.887, 0, 6877
2026/05/26 20:47:36.913, 0, 6877
2026/05/26 20:47:38.940, 0, 6877
2026/05/26 20:47:40.968, 0, 6877
2026/05/26 20:47:42.996, 0, 6877
2026/05/26 20:47:45.023, 0, 6877
2026/05/26 20:47:47.049, 0, 6877
2026/05/26 20:47:49.076, 0, 6877
2026/05/26 20:47:51.105, 0, 6877
2026/05/26 20:47:53.132, 0, 6877
2026/05/26 20:47:55.159, 0, 6877
2026/05/26 20:47:57.186, 0, 6877
2026/05/26 20:47:59.213, 0, 6877
2026/05/26 20:48:01.241, 0, 6877
2026/05/26 20:48:03.267, 0, 6877
2026/05/26 20:48:05.293, 0, 6877
2026/05/26 20:48:07.320, 0, 6877
2026/05/26 20:48:09.347, 0, 6877
2026/05/26 20:48:11.375, 0, 6877
2026/05/26 20:48:13.402, 0, 6877
2026/05/26 20:48:15.428, 0, 6877
2026/05/26 20:48:17.455, 0, 6877
2026/05/26 20:48:19.483, 0, 6877
2026/05/26 20:48:21.510, 0, 6877
2026/05/26 20:48:23.536, 0, 6877
2026/05/26 20:48:25.562, 0, 6877
2026/05/26 20:48:27.588, 0, 6877
2026/05/26 20:48:29.614, 0, 6877
2026/05/26 20:48:31.641, 0, 6877
2026/05/26 20:48:33.667, 0, 6877
2026/05/26 20:48:35.694, 0, 6877
2026/05/26 20:48:37.721, 0, 6877
2026/05/26 20:48:39.749, 0, 6877
2026/05/26 20:48:41.775, 0, 6877
2026/05/26 20:48:43.802, 0, 6877
2026/05/26 20:48:45.829, 0, 6877
2026/05/26 20:48:47.856, 0, 6877
2026/05/26 20:48:49.882, 0, 6877
2026/05/26 20:48:51.910, 0, 6877
2026/05/26 20:48:53.937, 0, 6877
2026/05/26 20:48:55.964, 0, 6877
2026/05/26 20:48:57.991, 0, 6877
2026/05/26 20:49:00.018, 0, 6877
2026/05/26 20:49:02.045, 0, 6877
2026/05/26 20:49:04.072, 0, 6877
2026/05/26 20:49:06.098, 0, 6877
2026/05/26 20:49:08.124, 0, 6877
2026/05/26 20:49:10.150, 0, 6877
2026/05/26 20:49:12.177, 0, 6877
2026/05/26 20:49:14.204, 0, 6877
2026/05/26 20:49:16.231, 0, 6877
2026/05/26 20:49:18.259, 0, 6877
2026/05/26 20:49:20.286, 0, 6877
2026/05/26 20:49:22.313, 0, 6877
2026/05/26 20:49:24.341, 0, 6877
2026/05/26 20:49:26.368, 0, 6877
2026/05/26 20:49:28.396, 0, 6877
2026/05/26 20:49:30.423, 0, 6877
2026/05/26 20:49:32.451, 0, 6877
2026/05/26 20:49:34.477, 0, 6877
2026/05/26 20:49:36.505, 0, 6877
2026/05/26 20:49:38.532, 0, 6877
2026/05/26 20:49:40.558, 0, 6877
2026/05/26 20:49:42.584, 0, 6877
2026/05/26 20:49:44.610, 0, 6877
2026/05/26 20:49:46.638, 0, 6877
2026/05/26 20:49:48.664, 0, 6877
2026/05/26 20:49:50.690, 0, 6877
2026/05/26 20:49:52.717, 0, 6877
2026/05/26 20:49:54.743, 0, 6877
2026/05/26 20:49:56.770, 0, 6877
2026/05/26 20:49:58.798, 0, 6877
2026/05/26 20:50:00.824, 0, 6877
2026/05/26 20:50:02.850, 0, 6877
2026/05/26 20:50:04.878, 0, 6877
2026/05/26 20:50:06.903, 0, 6877
2026/05/26 20:50:08.931, 0, 6877
2026/05/26 20:50:10.957, 0, 6877
2026/05/26 20:50:12.985, 0, 6877
2026/05/26 20:50:15.011, 0, 6877
2026/05/26 20:50:17.038, 0, 6877
2026/05/26 20:50:19.066, 0, 6877
2026/05/26 20:50:21.091, 0, 6877
2026/05/26 20:50:23.119, 0, 6877
2026/05/26 20:50:25.144, 0, 6877
2026/05/26 20:50:27.171, 0, 6877
2026/05/26 20:50:29.199, 0, 6877
2026/05/26 20:50:31.225, 0, 6877
2026/05/26 20:50:33.252, 0, 6877
2026/05/26 20:50:35.279, 0, 6877
2026/05/26 20:50:37.305, 0, 6877
2026/05/26 20:50:39.332, 0, 6877
2026/05/26 20:50:41.358, 0, 6877
2026/05/26 20:50:43.385, 0, 6877
2026/05/26 20:50:45.412, 0, 6877
2026/05/26 20:50:47.438, 0, 6877
2026/05/26 20:50:49.465, 0, 6877
2026/05/26 20:50:51.491, 0, 6877
2026/05/26 20:50:53.518, 0, 6877
2026/05/26 20:50:55.537, 0, 6877
2026/05/26 20:50:57.564, 0, 6877
2026/05/26 20:50:59.590, 0, 6877
2026/05/26 20:51:01.617, 0, 6877
2026/05/26 20:51:03.645, 0, 6877
2026/05/26 20:51:05.671, 0, 6877
2026/05/26 20:51:07.699, 0, 6877
2026/05/26 20:51:09.725, 0, 6877
2026/05/26 20:51:11.752, 0, 6877
2026/05/26 20:51:13.773, 0, 6877
2026/05/26 20:51:15.801, 0, 6877
2026/05/26 20:51:17.827, 0, 6877
2026/05/26 20:51:19.854, 0, 6877
2026/05/26 20:51:21.881, 0, 6877
2026/05/26 20:51:23.908, 0, 6877
2026/05/26 20:51:25.934, 0, 6877
2026/05/26 20:51:27.960, 0, 6877
2026/05/26 20:51:29.988, 0, 6877
2026/05/26 20:51:32.016, 0, 6877
2026/05/26 20:51:34.043, 0, 6877
2026/05/26 20:51:36.070, 0, 6877
2026/05/26 20:51:38.096, 0, 6877
2026/05/26 20:51:40.123, 0, 6877
2026/05/26 20:51:42.150, 0, 6877
2026/05/26 20:51:44.176, 0, 6877
2026/05/26 20:51:46.203, 0, 6877
2026/05/26 20:51:48.230, 0, 6877
2026/05/26 20:51:50.258, 0, 6877
2026/05/26 20:51:52.289, 0, 6877
2026/05/26 20:51:54.316, 0, 6877
2026/05/26 20:51:56.343, 0, 6877
2026/05/26 20:51:58.371, 0, 6877
2026/05/26 20:52:00.397, 0, 6877
2026/05/26 20:52:02.423, 0, 6877
2026/05/26 20:52:04.450, 0, 6877
2026/05/26 20:52:06.477, 0, 6877
2026/05/26 20:52:08.504, 0, 6877
2026/05/26 20:52:10.531, 0, 6877
2026/05/26 20:52:12.557, 0, 6877
2026/05/26 20:52:14.584, 0, 6877
2026/05/26 20:52:16.609, 0, 6877
2026/05/26 20:52:18.637, 0, 6877
2026/05/26 20:52:20.663, 0, 6877
2026/05/26 20:52:22.691, 0, 6877
2026/05/26 20:52:24.716, 0, 6877
2026/05/26 20:52:26.743, 0, 6877
2026/05/26 20:52:28.770, 0, 6877
2026/05/26 20:52:30.797, 0, 6877
2026/05/26 20:52:32.824, 0, 6877
2026/05/26 20:52:34.850, 0, 6877
2026/05/26 20:52:36.876, 0, 6877
2026/05/26 20:52:38.903, 0, 6877
2026/05/26 20:52:40.928, 0, 6877
2026/05/26 20:52:42.956, 0, 6877
2026/05/26 20:52:44.982, 0, 6877
2026/05/26 20:52:47.009, 0, 6877
2026/05/26 20:52:49.036, 0, 6877
2026/05/26 20:52:51.063, 0, 6877
2026/05/26 20:52:53.089, 0, 6877
2026/05/26 20:52:55.116, 0, 6877
2026/05/26 20:52:57.144, 0, 6877
2026/05/26 20:52:59.170, 0, 6877
2026/05/26 20:53:01.198, 0, 6877
2026/05/26 20:53:03.224, 0, 6877
2026/05/26 20:53:05.251, 0, 6877
2026/05/26 20:53:07.278, 0, 6877
2026/05/26 20:53:09.305, 0, 6877
2026/05/26 20:53:11.331, 0, 6877
2026/05/26 20:53:13.358, 0, 6877
2026/05/26 20:53:15.384, 0, 6877
2026/05/26 20:53:17.412, 0, 6877
2026/05/26 20:53:19.438, 0, 6877
2026/05/26 20:53:21.465, 0, 6877
2026/05/26 20:53:23.491, 0, 6877
2026/05/26 20:53:25.518, 0, 6877
2026/05/26 20:53:27.544, 0, 6877
2026/05/26 20:53:29.571, 0, 6877
2026/05/26 20:53:31.598, 0, 6877
2026/05/26 20:53:33.625, 0, 6877
2026/05/26 20:53:35.652, 0, 6877
2026/05/26 20:53:37.679, 0, 6877
2026/05/26 20:53:39.704, 0, 6877
2026/05/26 20:53:41.732, 0, 6877
2026/05/26 20:53:43.758, 0, 6877
2026/05/26 20:53:45.785, 0, 6877
2026/05/26 20:53:47.805, 0, 6877
2026/05/26 20:53:49.831, 0, 6877
2026/05/26 20:53:51.858, 0, 6877
2026/05/26 20:53:53.884, 0, 6877
2026/05/26 20:53:55.912, 0, 6877
2026/05/26 20:53:57.939, 0, 6877
2026/05/26 20:53:59.965, 0, 6877
2026/05/26 20:54:01.993, 0, 6877
2026/05/26 20:54:04.020, 0, 6877
2026/05/26 20:54:06.047, 0, 6877
2026/05/26 20:54:08.074, 0, 6877
2026/05/26 20:54:10.101, 0, 6877
2026/05/26 20:54:12.128, 0, 6877
2026/05/26 20:54:14.155, 0, 6877
2026/05/26 20:54:16.182, 0, 6877
2026/05/26 20:54:18.209, 0, 6877
2026/05/26 20:54:20.235, 0, 6877
2026/05/26 20:54:22.261, 0, 6877
2026/05/26 20:54:24.288, 0, 6877
2026/05/26 20:54:26.314, 0, 6877
2026/05/26 20:54:28.340, 0, 6877
2026/05/26 20:54:30.367, 0, 6877
2026/05/26 20:54:32.394, 0, 6877
2026/05/26 20:54:34.421, 0, 6877
2026/05/26 20:54:36.449, 0, 6877
2026/05/26 20:54:38.476, 0, 6877
2026/05/26 20:54:40.501, 0, 6877
2026/05/26 20:54:42.527, 0, 6877
2026/05/26 20:54:44.555, 0, 6877
2026/05/26 20:54:46.583, 0, 6877
2026/05/26 20:54:48.609, 0, 6877
2026/05/26 20:54:50.635, 0, 6877
2026/05/26 20:54:52.662, 0, 6877
2026/05/26 20:54:54.689, 0, 6877
2026/05/26 20:54:56.715, 0, 6877
2026/05/26 20:54:58.742, 0, 6877
2026/05/26 20:55:00.769, 0, 6877
2026/05/26 20:55:02.796, 0, 6877
2026/05/26 20:55:04.823, 0, 6877
2026/05/26 20:55:06.850, 0, 6877
2026/05/26 20:55:08.876, 0, 6877
2026/05/26 20:55:10.903, 0, 6877
2026/05/26 20:55:12.930, 0, 6877
2026/05/26 20:55:14.958, 0, 6877
2026/05/26 20:55:16.986, 0, 6877
2026/05/26 20:55:19.012, 0, 6877
2026/05/26 20:55:21.039, 0, 6877
2026/05/26 20:55:23.066, 0, 6877
2026/05/26 20:55:25.093, 0, 6877
2026/05/26 20:55:27.120, 0, 6877
2026/05/26 20:55:29.147, 0, 6877
2026/05/26 20:55:31.173, 0, 6877
2026/05/26 20:55:33.200, 0, 6877
2026/05/26 20:55:35.226, 0, 6877
2026/05/26 20:55:37.253, 0, 6877
2026/05/26 20:55:39.281, 0, 6877
2026/05/26 20:55:41.308, 0, 6877
2026/05/26 20:55:43.335, 0, 6877
2026/05/26 20:55:45.358, 0, 6877
2026/05/26 20:55:47.383, 0, 6877
2026/05/26 20:55:49.410, 0, 6877
2026/05/26 20:55:51.437, 0, 6877
2026/05/26 20:55:53.464, 0, 6877
2026/05/26 20:55:55.491, 0, 6877
2026/05/26 20:55:57.517, 0, 6877
2026/05/26 20:55:59.544, 0, 6877
2026/05/26 20:56:01.570, 0, 6877
2026/05/26 20:56:03.596, 0, 6877
2026/05/26 20:56:05.622, 0, 6877
2026/05/26 20:56:07.649, 0, 6877
2026/05/26 20:56:09.677, 0, 6877
2026/05/26 20:56:11.705, 0, 6877
2026/05/26 20:56:13.732, 0, 6877
2026/05/26 20:56:15.760, 0, 6877
2026/05/26 20:56:17.787, 0, 6877
2026/05/26 20:56:19.814, 0, 6877
2026/05/26 20:56:21.841, 0, 6877
2026/05/26 20:56:23.868, 0, 6877
2026/05/26 20:56:25.896, 0, 6877
2026/05/26 20:56:27.923, 0, 6877
2026/05/26 20:56:29.950, 0, 6877
2026/05/26 20:56:31.978, 0, 6877
2026/05/26 20:56:34.004, 0, 6877
2026/05/26 20:56:36.031, 0, 6877
2026/05/26 20:56:38.057, 0, 6877
2026/05/26 20:56:40.083, 0, 6877
2026/05/26 20:56:42.110, 0, 6877
2026/05/26 20:56:44.137, 0, 6877
2026/05/26 20:56:46.164, 0, 6877
2026/05/26 20:56:48.191, 0, 6877
2026/05/26 20:56:50.218, 0, 6877
2026/05/26 20:56:52.245, 0, 6877
2026/05/26 20:56:54.272, 0, 6877
2026/05/26 20:56:56.300, 0, 6877
2026/05/26 20:56:58.327, 0, 6877
2026/05/26 20:57:00.353, 0, 6877
2026/05/26 20:57:02.379, 0, 6877
2026/05/26 20:57:04.406, 0, 6877
2026/05/26 20:57:06.434, 0, 6877
2026/05/26 20:57:08.461, 0, 6877
2026/05/26 20:57:10.487, 0, 6877
2026/05/26 20:57:12.514, 0, 6877
2026/05/26 20:57:14.540, 0, 6877
2026/05/26 20:57:16.567, 0, 6877
2026/05/26 20:57:18.595, 0, 6877
2026/05/26 20:57:20.622, 0, 6877
2026/05/26 20:57:22.649, 0, 6877
2026/05/26 20:57:24.676, 0, 6877
2026/05/26 20:57:26.704, 0, 6877
2026/05/26 20:57:28.731, 0, 6877
2026/05/26 20:57:30.757, 0, 6877
2026/05/26 20:57:32.785, 0, 6877
2026/05/26 20:57:34.812, 0, 6877
2026/05/26 20:57:36.834, 0, 6877
2026/05/26 20:57:38.860, 0, 6877
2026/05/26 20:57:40.886, 0, 6877
2026/05/26 20:57:42.913, 0, 6877
2026/05/26 20:57:44.941, 0, 6877
2026/05/26 20:57:46.968, 0, 6877
2026/05/26 20:57:48.994, 0, 6877
2026/05/26 20:57:51.021, 0, 6877
2026/05/26 20:57:53.048, 0, 6877
2026/05/26 20:57:55.076, 0, 6877
2026/05/26 20:57:57.103, 0, 6877
2026/05/26 20:57:59.131, 0, 6877
2026/05/26 20:58:01.158, 0, 6877
2026/05/26 20:58:03.185, 0, 6877
2026/05/26 20:58:05.213, 0, 6877
2026/05/26 20:58:07.233, 0, 6877
2026/05/26 20:58:09.259, 0, 6877
2026/05/26 20:58:11.286, 0, 6877
2026/05/26 20:58:13.313, 0, 6877
2026/05/26 20:58:15.340, 0, 6877
2026/05/26 20:58:17.367, 0, 6877
2026/05/26 20:58:19.394, 0, 6877
2026/05/26 20:58:21.422, 0, 6877
2026/05/26 20:58:23.449, 0, 6877
2026/05/26 20:58:25.477, 0, 6877
2026/05/26 20:58:27.505, 0, 6877
2026/05/26 20:58:29.533, 0, 6877
2026/05/26 20:58:31.560, 0, 6877
2026/05/26 20:58:33.588, 0, 6877
2026/05/26 20:58:35.615, 0, 6877
2026/05/26 20:58:37.643, 0, 6877
2026/05/26 20:58:39.671, 0, 6877
2026/05/26 20:58:41.698, 0, 6877
2026/05/26 20:58:43.726, 0, 6877
2026/05/26 20:58:45.753, 0, 6877
2026/05/26 20:58:47.781, 0, 6877
2026/05/26 20:58:49.807, 0, 6877
2026/05/26 20:58:51.833, 0, 6877
2026/05/26 20:58:53.859, 0, 6877
2026/05/26 20:58:55.886, 0, 6877
2026/05/26 20:58:57.905, 0, 6877
2026/05/26 20:58:59.932, 0, 6877
2026/05/26 20:59:01.958, 0, 6877
2026/05/26 20:59:03.986, 0, 6877
2026/05/26 20:59:06.014, 0, 6877
2026/05/26 20:59:08.041, 0, 6877
2026/05/26 20:59:10.069, 0, 6877
2026/05/26 20:59:12.095, 0, 6877
2026/05/26 20:59:14.122, 0, 6877
2026/05/26 20:59:16.148, 0, 6877
2026/05/26 20:59:18.175, 0, 6877
2026/05/26 20:59:20.202, 0, 6877
2026/05/26 20:59:22.228, 0, 6877
2026/05/26 20:59:24.255, 0, 6877
2026/05/26 20:59:26.282, 0, 6877
2026/05/26 20:59:28.309, 0, 6877
2026/05/26 20:59:30.337, 0, 6877
2026/05/26 20:59:32.364, 0, 6877
2026/05/26 20:59:34.392, 0, 6877
2026/05/26 20:59:36.418, 0, 6877
2026/05/26 20:59:38.444, 0, 6877
2026/05/26 20:59:40.472, 0, 6877
2026/05/26 20:59:42.499, 0, 6877
2026/05/26 20:59:44.526, 0, 6877
2026/05/26 20:59:46.552, 0, 6877
2026/05/26 20:59:48.579, 0, 6877
2026/05/26 20:59:50.606, 0, 6877
2026/05/26 20:59:52.632, 0, 6877
2026/05/26 20:59:54.660, 0, 6877
2026/05/26 20:59:56.688, 0, 6877
2026/05/26 20:59:58.714, 0, 6877
2026/05/26 21:00:00.741, 0, 6877
2026/05/26 21:00:02.768, 0, 6877
2026/05/26 21:00:04.795, 0, 6877
2026/05/26 21:00:06.822, 0, 6877
2026/05/26 21:00:08.848, 0, 6877
2026/05/26 21:00:10.875, 0, 6877
2026/05/26 21:00:12.902, 0, 6877
2026/05/26 21:00:14.928, 0, 6877
2026/05/26 21:00:16.955, 0, 6877
2026/05/26 21:00:18.982, 0, 6877
2026/05/26 21:00:21.010, 0, 6877
2026/05/26 21:00:23.037, 0, 6877
2026/05/26 21:00:25.064, 0, 6877
2026/05/26 21:00:27.088, 0, 6877
2026/05/26 21:00:29.114, 0, 6877
2026/05/26 21:00:31.140, 0, 6877
2026/05/26 21:00:33.167, 0, 6877
2026/05/26 21:00:35.193, 0, 6877
2026/05/26 21:00:37.220, 0, 6877
2026/05/26 21:00:39.247, 0, 6877
2026/05/26 21:00:41.275, 0, 6877
2026/05/26 21:00:43.303, 0, 6877
2026/05/26 21:00:45.328, 0, 6877
2026/05/26 21:00:47.355, 0, 6877
2026/05/26 21:00:49.382, 0, 6877
2026/05/26 21:00:51.410, 0, 6877
2026/05/26 21:00:53.438, 0, 6877
2026/05/26 21:00:55.466, 0, 6877
2026/05/26 21:00:57.494, 0, 6877
2026/05/26 21:00:59.521, 0, 6877
2026/05/26 21:01:01.547, 0, 6877
2026/05/26 21:01:03.574, 0, 6877
2026/05/26 21:01:05.602, 0, 6877
2026/05/26 21:01:07.629, 0, 6877
2026/05/26 21:01:09.656, 0, 6877
2026/05/26 21:01:11.683, 0, 6877
2026/05/26 21:01:13.709, 0, 6877
2026/05/26 21:01:15.737, 0, 6877
2026/05/26 21:01:17.765, 0, 6877
2026/05/26 21:01:19.793, 0, 6877
2026/05/26 21:01:21.819, 0, 6877
2026/05/26 21:01:23.846, 0, 6877
2026/05/26 21:01:25.874, 0, 6877
2026/05/26 21:01:27.900, 0, 6877
2026/05/26 21:01:29.926, 0, 6877
2026/05/26 21:01:31.978, 0, 6877
2026/05/26 21:01:34.003, 0, 6877
2026/05/26 21:01:36.030, 0, 6877
2026/05/26 21:01:38.057, 0, 6877
2026/05/26 21:01:40.085, 0, 6877
2026/05/26 21:01:42.113, 0, 6877
2026/05/26 21:01:44.141, 0, 6877
2026/05/26 21:01:46.168, 0, 6877
2026/05/26 21:01:48.196, 0, 6877
2026/05/26 21:01:50.224, 0, 6877
2026/05/26 21:01:52.252, 0, 6877
2026/05/26 21:01:54.280, 0, 6877
2026/05/26 21:01:56.307, 0, 6877
2026/05/26 21:01:58.334, 0, 6877
2026/05/26 21:02:00.362, 0, 6877
2026/05/26 21:02:02.390, 0, 6877
2026/05/26 21:02:04.417, 0, 6877
2026/05/26 21:02:06.439, 0, 6877
2026/05/26 21:02:08.464, 0, 6877
2026/05/26 21:02:10.490, 0, 6877
2026/05/26 21:02:12.516, 0, 6877
2026/05/26 21:02:14.543, 0, 6877
2026/05/26 21:02:16.570, 0, 6877
2026/05/26 21:02:18.596, 0, 6877
2026/05/26 21:02:20.622, 0, 6877
2026/05/26 21:02:22.648, 0, 6877
2026/05/26 21:02:24.676, 0, 6877
2026/05/26 21:02:26.709, 0, 6877
2026/05/26 21:02:28.736, 0, 6877
2026/05/26 21:02:30.763, 0, 6877
2026/05/26 21:02:32.791, 0, 6877
2026/05/26 21:02:34.818, 0, 6877
2026/05/26 21:02:36.845, 0, 6877
2026/05/26 21:02:38.872, 0, 6877
2026/05/26 21:02:40.899, 0, 6877
2026/05/26 21:02:42.926, 0, 6877
2026/05/26 21:02:44.951, 0, 6877
2026/05/26 21:02:46.978, 0, 6877
2026/05/26 21:02:49.004, 0, 6877
2026/05/26 21:02:51.032, 0, 6877
2026/05/26 21:02:53.059, 0, 6877
2026/05/26 21:02:55.087, 0, 6877
2026/05/26 21:02:57.114, 0, 6877
2026/05/26 21:02:59.142, 0, 6877
2026/05/26 21:03:01.170, 0, 6877
2026/05/26 21:03:03.197, 0, 6877
2026/05/26 21:03:05.224, 0, 6877
2026/05/26 21:03:07.252, 0, 6877
2026/05/26 21:03:09.280, 0, 6877
2026/05/26 21:03:11.307, 0, 6877
2026/05/26 21:03:13.335, 0, 6877
2026/05/26 21:03:15.363, 0, 6877
2026/05/26 21:03:17.390, 0, 6877
2026/05/26 21:03:19.416, 0, 6877
2026/05/26 21:03:21.443, 0, 6877
2026/05/26 21:03:23.470, 0, 6877
2026/05/26 21:03:25.496, 0, 6877
2026/05/26 21:03:27.523, 0, 6877
2026/05/26 21:03:29.550, 0, 6877
2026/05/26 21:03:31.577, 0, 6877
2026/05/26 21:03:33.605, 0, 6877
2026/05/26 21:03:35.632, 0, 6877
2026/05/26 21:03:37.666, 0, 6877
2026/05/26 21:03:39.694, 0, 6877
2026/05/26 21:03:41.722, 0, 6877
2026/05/26 21:03:43.749, 0, 6877
2026/05/26 21:03:45.776, 0, 6877
2026/05/26 21:03:47.802, 0, 6877
2026/05/26 21:03:49.829, 0, 6877
2026/05/26 21:03:51.857, 0, 6877
2026/05/26 21:03:53.884, 0, 6877
2026/05/26 21:03:55.912, 0, 6877
2026/05/26 21:03:57.940, 0, 6877
2026/05/26 21:03:59.966, 0, 6877
2026/05/26 21:04:01.992, 0, 6877
2026/05/26 21:04:04.012, 0, 6877
2026/05/26 21:04:06.039, 0, 6877
2026/05/26 21:04:08.065, 0, 6877
2026/05/26 21:04:10.093, 0, 6877
2026/05/26 21:04:12.120, 0, 6877
2026/05/26 21:04:14.148, 0, 6877
2026/05/26 21:04:16.174, 0, 6877
2026/05/26 21:04:18.201, 0, 6877
2026/05/26 21:04:20.228, 0, 6877
2026/05/26 21:04:22.256, 0, 6877
2026/05/26 21:04:24.288, 0, 6877
2026/05/26 21:04:26.316, 0, 6877
2026/05/26 21:04:28.344, 0, 6877
2026/05/26 21:04:30.370, 0, 6877
2026/05/26 21:04:32.396, 0, 6877
2026/05/26 21:04:34.423, 0, 6877
2026/05/26 21:04:36.450, 0, 6877
2026/05/26 21:04:38.476, 0, 6877
2026/05/26 21:04:40.503, 0, 6877
2026/05/26 21:04:42.530, 0, 6877
2026/05/26 21:04:44.558, 0, 6877
2026/05/26 21:04:46.584, 0, 6877
2026/05/26 21:04:48.611, 0, 6877
2026/05/26 21:04:50.639, 0, 6877
2026/05/26 21:04:52.667, 0, 6877
2026/05/26 21:04:54.693, 0, 6877
2026/05/26 21:04:56.720, 0, 6877
2026/05/26 21:04:58.747, 0, 6877
2026/05/26 21:05:00.775, 0, 6877
2026/05/26 21:05:02.802, 0, 6877
2026/05/26 21:05:04.830, 0, 6877
2026/05/26 21:05:06.858, 0, 6877
2026/05/26 21:05:08.885, 0, 6877
2026/05/26 21:05:10.912, 0, 6877
2026/05/26 21:05:12.931, 0, 6877
2026/05/26 21:05:14.957, 0, 6877
2026/05/26 21:05:16.984, 0, 6877
2026/05/26 21:05:19.012, 0, 6877
2026/05/26 21:05:21.040, 0, 6877
2026/05/26 21:05:23.067, 0, 6877
2026/05/26 21:05:25.087, 0, 6877
2026/05/26 21:05:27.115, 0, 6877
2026/05/26 21:05:29.142, 0, 6877
2026/05/26 21:05:31.168, 0, 6877
2026/05/26 21:05:33.196, 0, 6877
2026/05/26 21:05:35.223, 0, 6877
2026/05/26 21:05:37.251, 0, 6877
2026/05/26 21:05:39.278, 0, 6877
2026/05/26 21:05:41.306, 0, 6877
2026/05/26 21:05:43.332, 0, 6877
2026/05/26 21:05:45.359, 0, 6877
2026/05/26 21:05:47.386, 0, 6877
2026/05/26 21:05:49.413, 0, 6877
2026/05/26 21:05:51.439, 0, 6877
2026/05/26 21:05:53.467, 0, 6877
2026/05/26 21:05:55.495, 0, 6877
2026/05/26 21:05:57.521, 0, 6877
2026/05/26 21:05:59.548, 0, 6877
2026/05/26 21:06:01.574, 0, 6877
2026/05/26 21:06:03.601, 0, 6877
2026/05/26 21:06:05.628, 0, 6877
2026/05/26 21:06:07.656, 0, 6877
2026/05/26 21:06:09.683, 0, 6877
2026/05/26 21:06:11.711, 0, 6877
2026/05/26 21:06:13.738, 0, 6877
2026/05/26 21:06:15.766, 0, 6877
2026/05/26 21:06:17.794, 0, 6877
2026/05/26 21:06:19.823, 0, 6877
2026/05/26 21:06:21.849, 0, 6877
2026/05/26 21:06:23.876, 0, 6877
2026/05/26 21:06:25.903, 0, 6877
2026/05/26 21:06:27.931, 0, 6877
2026/05/26 21:06:29.959, 0, 6877
2026/05/26 21:06:31.987, 0, 6877
2026/05/26 21:06:34.013, 0, 6877
2026/05/26 21:06:36.042, 0, 6877
2026/05/26 21:06:38.069, 0, 6877
2026/05/26 21:06:40.096, 0, 6877
2026/05/26 21:06:42.123, 0, 6877
2026/05/26 21:06:44.149, 0, 6877
2026/05/26 21:06:46.177, 0, 6877
2026/05/26 21:06:48.204, 0, 6877
2026/05/26 21:06:50.231, 0, 6877
2026/05/26 21:06:52.257, 0, 6877
2026/05/26 21:06:54.285, 0, 6877
2026/05/26 21:06:56.312, 0, 6877
2026/05/26 21:06:58.339, 0, 6877
2026/05/26 21:07:00.366, 0, 6877
2026/05/26 21:07:02.393, 0, 6877
2026/05/26 21:07:04.419, 0, 6877
2026/05/26 21:07:06.446, 0, 6877
2026/05/26 21:07:08.474, 0, 6877
2026/05/26 21:07:10.501, 0, 6877
2026/05/26 21:07:12.528, 0, 6877
2026/05/26 21:07:14.556, 0, 6877
2026/05/26 21:07:16.584, 0, 6877
2026/05/26 21:07:18.610, 0, 6877
2026/05/26 21:07:20.637, 0, 6877
2026/05/26 21:07:22.657, 0, 6877
2026/05/26 21:07:24.684, 0, 6877
2026/05/26 21:07:26.710, 0, 6877
2026/05/26 21:07:28.737, 0, 6877
2026/05/26 21:07:30.765, 0, 6877
2026/05/26 21:07:32.793, 0, 6877
2026/05/26 21:07:34.820, 0, 6877
2026/05/26 21:07:36.847, 0, 6877
2026/05/26 21:07:38.874, 0, 6877
2026/05/26 21:07:40.905, 0, 6877
2026/05/26 21:07:42.938, 0, 6877
2026/05/26 21:07:44.965, 0, 6877
2026/05/26 21:07:46.991, 0, 6877
2026/05/26 21:07:49.019, 0, 6877
2026/05/26 21:07:51.047, 0, 6877
2026/05/26 21:07:53.074, 0, 6877
2026/05/26 21:07:55.101, 0, 6877
2026/05/26 21:07:57.128, 0, 6877
2026/05/26 21:07:59.157, 0, 6877
2026/05/26 21:08:01.185, 0, 6877
2026/05/26 21:08:03.211, 0, 6877
2026/05/26 21:08:05.237, 0, 6877
2026/05/26 21:08:07.266, 0, 6877
2026/05/26 21:08:09.293, 0, 6877
2026/05/26 21:08:11.319, 0, 6877
2026/05/26 21:08:13.346, 0, 6877
2026/05/26 21:08:15.373, 0, 6877
2026/05/26 21:08:17.400, 0, 6877
2026/05/26 21:08:19.428, 0, 6877
2026/05/26 21:08:21.456, 0, 6877
2026/05/26 21:08:23.484, 0, 6877
2026/05/26 21:08:25.511, 0, 6877
2026/05/26 21:08:27.538, 0, 6877
2026/05/26 21:08:29.565, 0, 6877
2026/05/26 21:08:31.591, 0, 6877
2026/05/26 21:08:33.618, 0, 6877
2026/05/26 21:08:35.646, 0, 6877
2026/05/26 21:08:37.673, 0, 6877
2026/05/26 21:08:39.701, 0, 6877
2026/05/26 21:08:41.729, 0, 6877
2026/05/26 21:08:43.757, 0, 6877
2026/05/26 21:08:45.784, 0, 6877
2026/05/26 21:08:47.812, 0, 6877
2026/05/26 21:08:49.840, 0, 6877
2026/05/26 21:08:51.868, 0, 6877
2026/05/26 21:08:53.896, 0, 6877
2026/05/26 21:08:55.923, 0, 6877
2026/05/26 21:08:57.951, 0, 6877
2026/05/26 21:08:59.978, 0, 6877
2026/05/26 21:09:02.004, 0, 6877
2026/05/26 21:09:04.031, 0, 6877
2026/05/26 21:09:06.057, 0, 6877
2026/05/26 21:09:08.084, 0, 6877
2026/05/26 21:09:10.111, 0, 6877
2026/05/26 21:09:12.137, 0, 6877
2026/05/26 21:09:14.163, 0, 6877
2026/05/26 21:09:16.190, 0, 6877
2026/05/26 21:09:18.217, 0, 6877
2026/05/26 21:09:20.245, 0, 6877
2026/05/26 21:09:22.272, 0, 6877
2026/05/26 21:09:24.300, 0, 6877
2026/05/26 21:09:26.328, 0, 6877
2026/05/26 21:09:28.355, 0, 6877
2026/05/26 21:09:30.382, 0, 6877
2026/05/26 21:09:32.409, 0, 6877
2026/05/26 21:09:34.436, 0, 6877
2026/05/26 21:09:36.462, 0, 6877
2026/05/26 21:09:38.489, 0, 6877
2026/05/26 21:09:40.515, 0, 6877
2026/05/26 21:09:42.542, 0, 6877
2026/05/26 21:09:44.569, 0, 6877
